<?xml version="1.0" ?>
<server>
	<active>true</active>
	<changes>
		<change>
			<autor></autor>
			<date>25/03/2016</date>
			<description>Versión incial</description>
		</change>
	</changes>
	<find_videos>
		<ignore_urls>
		</ignore_urls>
		<patterns>
			<pattern>(?:ul|uploaded).(?:net|to)/(?:file/|f/)?([a-zA-Z0-9]+)</pattern>
			<url>http://uploaded.net/file/\1</url>
		</patterns>
		<patterns>
			<pattern>(?:ul|uploaded).(?:net|to)/folder/([a-zA-Z0-9]+)</pattern>
			<url>http://uploaded.net/folder/\1</url>
		</patterns>
	</find_videos>
	<free>false</free>
	<id>
		<value>uploadedto</value>
		<value>ul.to</value>
		<value>uploaded</value>
	</id>
	<name>uploadedto</name>
	<premium>
		<value>uploadedto</value>
		<value>realdebrid</value>
		<value>alldebrid</value>
	</premium>
	<settings>
		<default>false</default>
		<enabled>true</enabled>
		<id>black_list</id>
		<label>Incluir en lista negra</label>
		<type>bool</type>
		<visible>true</visible>
	</settings>
	<settings>
		<default>100</default>
		<enabled>true</enabled>
		<id>favorites_servers_list</id>
		<label>Incluir en lista de favoritos</label>
		<lvalues>No</lvalues>
		<lvalues>1</lvalues>
		<lvalues>2</lvalues>
		<lvalues>3</lvalues>
		<lvalues>4</lvalues>
		<lvalues>5</lvalues>
		<type>list</type>
		<visible>false</visible>
	</settings>
	<settings>
		<default>false</default>
		<enabled>true</enabled>
		<id>premium</id>
		<label>Activar cuenta premium</label>
		<type>bool</type>
		<visible>true</visible>
	</settings>
	<settings>
		<default></default>
		<enabled>eq(-1,true)</enabled>
		<id>user</id>
		<label>@30014</label>
		<type>text</type>
		<visible>true</visible>
	</settings>
	<settings>
		<default></default>
		<enabled>eq(-2,true)+!eq(-1,'')</enabled>
		<hidden>true</hidden>
		<id>password</id>
		<label>@30015</label>
		<type>text</type>
		<visible>true</visible>
	</settings>
	<thumbnail>http://media.tvalacarta.info/servers/server_uploadedto.png</thumbnail>
	<update_url>https://raw.githubusercontent.com/streamondemand/plugin.video.streamondemand/master/servers/</update_url>
	<version>2</version>
</server>