<?xml version="1.0" encoding="utf-8" standalone="yes"?>
<channel>
	<id>cinehdx10</id>
	<name>Cinehdx10</name>

	<active>true</active>
	<adult>false</adult>
	<language>it</language>

	<fanart></fanart>
	<thumbnail>http://cinehd.x10.mx/wp-content/uploads/2017/08/logo-1.png</thumbnail>
	<bannermenu>http://cinehd.x10.mx/wp-content/uploads/2017/08/logo-1.png</bannermenu>

	<update_url>https://raw.githubusercontent.com/streamondemand/plugin.video.streamondemand/master/channels/</update_url>
	<version>1</version>
	<date>16/10/2017</date>
	<changes>New</changes>

	<categories>
		<category>movie</category>
                <category>serie</category>
	</categories>

	<settings>
		<id>include_in_global_search</id>
		<type>bool</type>
		<label>Includi ricerca globale</label>
		<default>true</default>
		<enabled>true</enabled>
		<visible>true</visible>
	</settings>

</channel>
