<?xml version="1.0" encoding="utf-8" standalone="yes"?>
<channel>
    <id>solostreaming</id>
    <name>Solo Streaming</name>

    <active>true</active>
    <adult>false</adult>
    <language>it</language>

    <fanart></fanart>
    <thumbnail>http://solo-streaming.com/images/sod/logo_solo_streaming.png</thumbnail>
    <bannermenu>http://solo-streaming.com/images/sod/logo_solo_streaming.png</bannermenu>

    <update_url>https://raw.githubusercontent.com/streamondemand/plugin.video.streamondemand/master/channels/</update_url>
    <version>6</version>
    <date>22/06/2016</date>
    <changes>update</changes>

    <categories>
        <category>serie</category>
        <category>top channels</category>
    </categories>

    <settings>
        <id>include_in_global_search</id>
        <type>bool</type>
        <label>Includi ricerca globale</label>
        <default>true</default>
        <enabled>true</enabled>
        <visible>true</visible>
    </settings>
</channel>
