<?xml version="1.0" ?>
<server>
	<active>true</active>
	<changes>
		<change>
			<autor></autor>
			<autor>Intel1</autor>
			<date>22/06/17</date>
			<description>Detectado archivo borrado</description>
		</change>
		<change>
			<autor></autor>
			<autor>Intel1</autor>
			<date>05/06/17</date>
			<description>Detectado que el archivo se está procesando</description>
		</change>
		<change>
			<autor></autor>
			<autor>Intel1</autor>
			<date>10/05/17</date>
			<description>Reparado por robalo, yo solo lo subí al github</description>
		</change>
		<change>
			<autor>Cmos</autor>
			<date>24/12/2016</date>
			<description>Versión incial</description>
		</change>
	</changes>
	<find_videos>
		<ignore_urls>
		</ignore_urls>
		<patterns>
			<pattern>vidabc.com/(?:embed-|)([a-z0-9]+)</pattern>
			<url>http://vidabc.com/embed-\1.html</url>
		</patterns>
	</find_videos>
	<free>true</free>
	<id>vidabc</id>
	<name>vidabc</name>
	<premium>
	</premium>
	<settings>
		<default>false</default>
		<enabled>true</enabled>
		<id>black_list</id>
		<label>Incluir en lista negra</label>
		<type>bool</type>
		<visible>true</visible>
	</settings>
	<settings>
		<default>100</default>
		<enabled>true</enabled>
		<id>favorites_servers_list</id>
		<label>Incluir en lista de favoritos</label>
		<lvalues>No</lvalues>
		<lvalues>1</lvalues>
		<lvalues>2</lvalues>
		<lvalues>3</lvalues>
		<lvalues>4</lvalues>
		<lvalues>5</lvalues>
		<type>list</type>
		<visible>false</visible>
	</settings>
	<thumbnail>http://media.tvalacarta.info/servers/server_vidabc.png</thumbnail>
	<update_url>https://raw.githubusercontent.com/streamondemand/plugin.video.streamondemand/master/servers/</update_url>
	<version>5</version>
</server>
