<?xml version="1.0" encoding="utf-8" standalone="yes"?>
<channel>
	<id>fastsubita</id>
	<name>Fastsubita</name>

	<active>true</active>
	<adult>false</adult>
	<language>it</language>

	<fanart></fanart>
	<thumbnail>http://fastsubita.tk/wp-content/uploads/2017/05/Untitled-3-1.jpg</thumbnail>
	<bannermenu>http://fastsubita.tk/wp-content/uploads/2017/05/Untitled-3-1.jpg</bannermenu>

	<update_url>https://raw.githubusercontent.com/streamondemand/plugin.video.streamondemand/master/channels/</update_url>
	<version>2</version>
	<date>03/06/2017</date>
	<changes>New</changes>

	<categories>
        	<category>serie</category>
        	<category>vos</category>
	</categories>

	<settings>
		<id>include_in_global_search</id>
		<type>bool</type>
		<label>Includi ricerca globale</label>
		<default>true</default>
		<enabled>true</enabled>
		<visible>true</visible>
	</settings>

	<settings>
		<id>include_in_newest_series</id>
		<type>bool</type>
		<label>Includi in novità - Serie TV</label>
		<default>true</default>
		<enabled>true</enabled>
		<visible>true</visible>
	</settings>
</channel>
