<?xml version="1.0" encoding="utf-8" standalone="yes"?>
<channel>
    <id>ffhd</id>
    <name>ffHD</name>

    <active>true</active>
    <adult>false</adult>
    <language>it</language>

    <fanart></fanart>
    <thumbnail>http://www.ffhd.pw/wp-content/uploads/2017/07/FFHD300.png</thumbnail>
    <bannermenu>http://www.ffhd.pw/wp-content/uploads/2017/07/FFHD300.png</bannermenu>

    <update_url>https://raw.githubusercontent.com/streamondemand/plugin.video.streamondemand/master/channels/</update_url>
    <version>3</version>
    <date>09/10/2017</date>
    <changes>fix regex</changes>

    <categories>
        <category>movie</category>
    </categories>

 	<settings>
		<id>include_in_global_search</id>
		<type>bool</type>
		<label>Includi ricerca globale</label>
		<default>true</default>
		<enabled>true</enabled>
		<visible>true</visible>
	</settings>

    <settings>
		<id>include_in_newest_peliculas</id>
		<type>bool</type>
		<label>Includi in novità - film</label>
		<default>true</default>
		<enabled>true</enabled>
		<visible>true</visible>
	</settings>
</channel>
