<?xml version="1.0" encoding="utf-8" standalone="yes"?>
<channel>
	<id>ilgeniodellostreaming</id>
	<name>IlGenioDelloStreaming</name>

	<active>true</active>
	<adult>false</adult>
	<language>it</language>

	<fanart></fanart>
	<thumbnail>https://www.skuola.net/shared/thumb/576x329/news_foto/2011/film_cinema.jpg</thumbnail>
	<bannermenu>https://www.skuola.net/shared/thumb/576x329/news_foto/2011/film_cinema.jpg</bannermenu>

	<update_url>https://raw.githubusercontent.com/streamondemand/plugin.video.streamondemand/master/channels/</update_url>
	<version>11</version>
	<date>27/05/2017</date>
	<changes>Added newest</changes>

	<categories>
		<category>movie</category>
		<category>serie</category>
		<category>anime</category>
	</categories>

	<settings>
		<id>include_in_global_search</id>
		<type>bool</type>
		<label>Includi ricerca globale</label>
		<default>true</default>
		<enabled>true</enabled>
		<visible>true</visible>
	</settings>

	<settings>
		<id>include_in_newest_peliculas</id>
		<type>bool</type>
		<label>Includi in novità - film</label>
		<default>true</default>
		<enabled>true</enabled>
		<visible>true</visible>
	</settings>
</channel>
