<?xml version="1.0" ?>
<server>
	<active>true</active>
	<changes>
		<change>
			<autor>Cmos</autor>
			<date>03/02/2017</date>
			<description>Adaptado para el uso de mpd (calidades 1080p y superiores) en Kodi 17. Reestructurado parte del código</description>
		</change>
		<change>
			<autor></autor>
			<date>25/03/2016</date>
			<description>Versión inicial</description>
		</change>
	</changes>
	<find_videos>
		<ignore_urls>
		</ignore_urls>
		<patterns>
			<pattern>youtube(?:-nocookie)?\.com/(?:(?:(?:v/|embed/))|(?:(?:watch(?:_popup)?(?:\.php)?)?(?:\?|#!?)(?:.+&)?v=))?([0-9A-Za-z_-]{11})</pattern>
			<url>http://www.youtube.com/watch?v=\1</url>
		</patterns>
		<patterns>
			<pattern>www.youtube.*?v(?:=|%3D)([0-9A-Za-z_-]{11})</pattern>
			<url>http://www.youtube.com/watch?v=\1</url>
		</patterns>
		<patterns>
			<pattern>youtube.com/v/([0-9A-Za-z_-]{11})</pattern>
			<url>http://www.youtube.com/watch?v=\1</url>
		</patterns>
	</find_videos>
	<free>true</free>
	<id>youtube</id>
	<name>youtube</name>
	<premium>
		<value>realdebrid</value>
		<value>alldebrid</value>
	</premium>
	<settings>
		<default>false</default>
		<enabled>true</enabled>
		<id>black_list</id>
		<label>Incluir en lista negra</label>
		<type>bool</type>
		<visible>true</visible>
	</settings>
	<settings>
		<default>100</default>
		<enabled>true</enabled>
		<id>favorites_servers_list</id>
		<label>Incluir en lista de favoritos</label>
		<lvalues>No</lvalues>
		<lvalues>1</lvalues>
		<lvalues>2</lvalues>
		<lvalues>3</lvalues>
		<lvalues>4</lvalues>
		<lvalues>5</lvalues>
		<type>list</type>
		<visible>false</visible>
	</settings>
	<thumbnail>http://media.tvalacarta.info/servers/server_youtube.png</thumbnail>
	<update_url>https://raw.githubusercontent.com/streamondemand/plugin.video.streamondemand/master/servers/</update_url>
	<version>3</version>
</server>