<?xml version="1.0" ?>
<server>
	<active>true</active>
	<changes>
		<change>
			<autor></autor>
			<date>09/01/2017</date>
			<description>Versión inicial</description>
		</change>
	</changes>
	<find_videos>
		<ignore_urls>
		</ignore_urls>
		<patterns>
			<pattern>zstream.to/(?:embed-|)([A-z0-9]+)</pattern>
			<url>http://zstream.to/embed-\1.html</url>
		</patterns>
	</find_videos>
	<free>true</free>
	<id>zstream</id>
	<name>zstream</name>
	<premium>
	</premium>
	<settings>
		<default>false</default>
		<enabled>true</enabled>
		<id>black_list</id>
		<label>Incluir en lista negra</label>
		<type>bool</type>
		<visible>true</visible>
	</settings>
	<settings>
		<default>100</default>
		<enabled>true</enabled>
		<id>favorites_servers_list</id>
		<label>Incluir en lista de favoritos</label>
		<lvalues>No</lvalues>
		<lvalues>1</lvalues>
		<lvalues>2</lvalues>
		<lvalues>3</lvalues>
		<lvalues>4</lvalues>
		<lvalues>5</lvalues>
		<type>list</type>
		<visible>false</visible>
	</settings>
	<thumbnail>http://i.imgur.com/UJMfMZJ.png?1</thumbnail>
	<update_url>https://raw.githubusercontent.com/streamondemand/plugin.video.streamondemand/master/servers/</update_url>
	<version>2</version>
</server>