<?xml version="1.0" encoding="utf-8" standalone="yes"?>
<channel>
    <id>cinesuggestions</id>
    <name>CineSuggestions</name>

    <active>true</active>
    <adult>false</adult>
    <language>it</language>

    <fanart></fanart>
    <thumbnail>https://i.imgsafe.org/f81830a643.png</thumbnail>
    <bannermenu>https://i.imgsafe.org/f81830a643.png</bannermenu>

    <update_url>https://raw.githubusercontent.com/streamondemand/plugin.video.streamondemand/master/channels/</update_url>
    <version>7</version>
    <date>22/10/2016</date>
    <changes>update</changes>

    <categories>
        <category>movie</category>
        <category>cult</category>
    </categories>

    <settings>
        <id>include_in_global_search</id>
        <type>bool</type>
        <label>Includi ricerca globale</label>
        <default>false</default>
        <enabled>false</enabled>
        <visible>false</visible>
    </settings>
</channel>
