<?xml version="1.0" ?>
<server>
	<active>true</active>
	<changes>
		<change>
			<autor>Cmos</autor>
			<date>09/05/2017</date>
			<description>Ampliado regex para detección de enlaces</description>
		</change>
		<change>
			<autor>Cmos</autor>
			<date>29/04/2017</date>
			<description>Corregido, usa proxy en caso de error con https</description>
		</change>
		<change>
			<autor>divadr</autor>
			<date>25/03/2016</date>
			<description>Versión inicial</description>
		</change>
	</changes>
	<find_videos>
		<ignore_urls>
		</ignore_urls>
		<patterns>
			<pattern>rapidvideo.(?:org|com)/(?:\?v=|e/|embed/)([A-z0-9]+)</pattern>
			<url>https://www.rapidvideo.com/e/\1</url>
		</patterns>
	</find_videos>
	<free>true</free>
	<id>rapidvideo</id>
	<name>rapidvideo</name>
	<premium>
	</premium>
	<settings>
		<default>false</default>
		<enabled>true</enabled>
		<id>black_list</id>
		<label>Incluir en lista negra</label>
		<type>bool</type>
		<visible>true</visible>
	</settings>
	<settings>
		<default>100</default>
		<enabled>true</enabled>
		<id>favorites_servers_list</id>
		<label>Incluir en lista de favoritos</label>
		<lvalues>No</lvalues>
		<lvalues>1</lvalues>
		<lvalues>2</lvalues>
		<lvalues>3</lvalues>
		<lvalues>4</lvalues>
		<lvalues>5</lvalues>
		<type>list</type>
		<visible>false</visible>
	</settings>
	<thumbnail>http://media.tvalacarta.info/servers/server_rapidvideo.png</thumbnail>
	<update_url>https://raw.githubusercontent.com/streamondemand/plugin.video.streamondemand/master/servers/</update_url>
	<version>5</version>
</server>